agent_id,merchant_id,amount,timestamp,agent_verified,label
agent_011,merchant_d,837.08,2026-08-05T16:25:00,True,normal
agent_004,merchant_d,938.4,2026-08-04T06:40:00,True,normal
agent_009,merchant_a,1088.23,2026-08-07T17:29:00,True,normal
agent_002,merchant_f,2324.8,2026-08-01T00:58:00,True,normal
agent_019,merchant_f,2807.38,2026-08-06T22:45:00,True,normal
agent_017,merchant_g,936.48,2026-08-03T12:21:00,True,normal
agent_018,merchant_j,687.06,2026-08-03T08:34:00,True,normal
agent_001,merchant_h,279.92,2026-08-03T10:16:00,True,normal
agent_011,merchant_i,12078.98,2026-08-01T03:23:00,True,odd_hour
agent_008,merchant_j,128.28,2026-08-06T17:59:00,True,normal
agent_008,merchant_a,2936.55,2026-08-01T00:56:00,True,normal
agent_002,merchant_d,2062.1,2026-08-05T01:42:00,True,normal
agent_016,merchant_h,1491.66,2026-08-05T17:29:00,True,normal
agent_019,merchant_h,766.84,2026-08-07T13:20:00,True,normal
agent_007,merchant_e,2873.21,2026-08-04T18:55:00,True,normal
agent_011,merchant_h,2901.2,2026-08-03T22:16:00,True,normal
agent_001,merchant_e,1844.61,2026-08-03T13:06:00,False,unverified
agent_007,merchant_b,19471.41,2026-08-02T01:38:00,True,odd_hour
agent_011,merchant_c,162.99,2026-08-02T15:52:00,True,normal
agent_017,merchant_e,2942.51,2026-08-07T18:57:00,True,normal
agent_015,merchant_b,1630.12,2026-08-05T05:19:00,True,normal
agent_005,merchant_c,1641.17,2026-08-05T06:06:00,True,normal
agent_003,merchant_c,2701.1,2026-08-06T03:26:00,True,normal
agent_018,merchant_f,399.97,2026-08-02T12:18:00,True,normal
agent_004,merchant_f,2095.64,2026-08-03T01:59:00,True,normal
agent_015,merchant_c,248.34,2026-08-01T09:30:00,True,normal
agent_005,merchant_a,2512.06,2026-08-07T04:58:00,True,normal
agent_003,merchant_e,954.16,2026-08-04T17:32:00,True,normal
agent_007,merchant_f,891.98,2026-08-04T06:26:00,True,normal
agent_015,merchant_j,2021.16,2026-08-07T11:36:00,True,normal
agent_010,merchant_h,60219.61,2026-08-03T23:02:00,True,amount_spike
agent_004,merchant_c,2653.24,2026-08-05T21:40:00,True,normal
agent_012,merchant_j,180.68,2026-08-02T21:25:00,True,normal
agent_014,merchant_h,586.1,2026-08-02T13:03:00,True,normal
agent_004,merchant_f,1961.51,2026-08-01T06:10:00,True,normal
agent_010,merchant_e,1492.84,2026-08-05T12:32:00,False,unverified
agent_015,merchant_i,2864.98,2026-08-07T14:28:00,True,normal
agent_017,merchant_j,986.03,2026-08-07T08:37:00,True,normal
agent_013,merchant_e,389.76,2026-08-05T18:03:00,True,normal
agent_020,merchant_e,2582.3,2026-08-01T00:46:00,True,normal
agent_005,merchant_j,2203.53,2026-08-02T09:37:00,True,normal
agent_001,merchant_f,2642.23,2026-08-02T06:32:00,True,normal
agent_010,merchant_b,820.33,2026-08-01T05:28:00,False,unverified
agent_018,merchant_g,597.93,2026-08-05T06:30:00,True,normal
agent_020,merchant_f,309.98,2026-08-06T05:38:00,True,normal
agent_019,merchant_h,2319.84,2026-08-06T00:18:00,True,normal
agent_020,merchant_c,966.71,2026-08-03T17:20:00,True,normal
agent_002,merchant_e,1357.18,2026-08-01T22:16:00,True,normal
agent_009,merchant_b,145.04,2026-08-03T03:28:00,True,normal
agent_011,merchant_a,2378.22,2026-08-07T19:15:00,True,normal
agent_008,merchant_b,1047.35,2026-08-03T13:21:00,True,normal
agent_011,merchant_f,391.97,2026-08-03T20:55:00,True,normal
agent_016,merchant_a,2920.78,2026-08-02T09:09:00,True,normal
agent_002,merchant_a,454.26,2026-08-01T12:22:00,True,normal
agent_013,merchant_i,697.86,2026-08-04T01:42:00,True,normal
agent_013,merchant_e,529.23,2026-08-01T21:00:00,True,normal
agent_007,merchant_g,2985.69,2026-08-04T13:07:00,True,normal
agent_014,merchant_h,2543.65,2026-08-03T20:17:00,True,normal
agent_003,merchant_b,2293.09,2026-08-05T22:30:00,True,normal
agent_008,merchant_j,1869.17,2026-08-06T15:23:00,True,normal
agent_017,merchant_j,2281.51,2026-08-05T02:47:00,True,normal
agent_004,merchant_j,29414.11,2026-08-01T04:24:00,True,odd_hour
agent_002,merchant_c,1564.08,2026-08-06T03:49:00,True,normal
agent_011,merchant_d,2883.53,2026-08-04T04:06:00,True,normal
agent_007,merchant_b,1656.46,2026-08-05T20:05:00,True,normal
agent_003,merchant_a,497.59,2026-08-07T13:33:00,True,normal
agent_017,merchant_a,1694.35,2026-08-06T06:51:00,True,normal
agent_020,merchant_j,1042.3,2026-08-04T09:42:00,True,normal
agent_002,merchant_f,15833.52,2026-08-05T02:46:00,True,odd_hour
agent_012,merchant_i,1025.83,2026-08-05T20:11:00,True,normal
agent_008,merchant_f,1203.85,2026-08-06T01:43:00,True,normal
agent_008,merchant_g,1482.64,2026-08-02T21:24:00,True,normal
agent_007,merchant_j,500.97,2026-08-02T23:22:00,True,normal
agent_005,merchant_a,898.51,2026-08-04T07:18:00,True,normal
agent_015,merchant_a,1698.45,2026-08-07T09:59:00,True,normal
agent_019,merchant_c,1317.87,2026-08-07T06:52:00,True,normal
agent_017,merchant_f,2635.36,2026-08-01T10:18:00,True,normal
agent_007,merchant_f,2803.44,2026-08-01T11:26:00,True,normal
agent_011,merchant_f,2277.15,2026-08-07T08:19:00,True,normal
agent_001,merchant_d,1577.36,2026-08-04T10:22:00,True,normal
agent_001,merchant_f,2398.62,2026-08-01T12:33:00,True,normal
agent_010,merchant_h,259.98,2026-08-04T05:12:00,True,normal
agent_016,merchant_f,1678.16,2026-08-04T22:14:00,True,normal
agent_009,merchant_f,674.4,2026-08-05T07:31:00,True,normal
agent_002,merchant_c,1900.97,2026-08-02T05:56:00,True,normal
agent_001,merchant_f,2093.67,2026-08-03T23:25:00,True,normal
agent_008,merchant_d,855.16,2026-08-06T13:19:00,True,normal
agent_004,merchant_f,1830.99,2026-08-05T02:01:00,True,normal
agent_004,merchant_i,2513.6,2026-08-06T18:37:00,True,normal
agent_005,merchant_e,1013.82,2026-08-02T00:36:00,True,normal
agent_003,merchant_h,1383.15,2026-08-04T12:45:00,True,normal
agent_006,merchant_g,1621.12,2026-08-02T11:16:00,True,normal
agent_015,merchant_a,2701.78,2026-08-03T21:43:00,True,normal
agent_015,merchant_d,2969.84,2026-08-07T05:11:00,True,normal
agent_016,merchant_b,1393.48,2026-08-07T22:55:00,True,normal
agent_008,merchant_f,79095.79,2026-08-07T04:27:00,True,amount_spike
agent_020,merchant_g,80722.71,2026-08-05T01:26:00,True,amount_spike
agent_014,merchant_a,380.03,2026-08-07T09:09:00,True,normal
agent_014,merchant_i,238.42,2026-08-04T02:16:00,True,normal
agent_005,merchant_d,481.42,2026-08-02T12:14:00,True,normal
agent_012,merchant_g,859.94,2026-08-07T23:53:00,True,normal
agent_004,merchant_i,1846.46,2026-08-04T09:29:00,True,normal
agent_006,merchant_h,760.86,2026-08-07T02:53:00,True,normal
agent_014,merchant_j,1354.03,2026-08-06T12:37:00,True,normal
agent_004,merchant_g,1424.86,2026-08-02T20:53:00,False,unverified
agent_013,merchant_e,1632.89,2026-08-01T03:48:00,True,normal
agent_011,merchant_b,319.99,2026-08-05T02:29:00,True,normal
agent_005,merchant_h,2648.5,2026-08-04T06:39:00,True,normal
agent_005,merchant_j,1606.93,2026-08-07T05:51:00,True,normal
agent_008,merchant_g,2047.25,2026-08-07T10:44:00,True,normal
agent_019,merchant_d,2312.53,2026-08-04T00:16:00,True,normal
agent_014,merchant_f,514.36,2026-08-06T03:52:00,True,normal
agent_019,merchant_d,1785.9,2026-08-07T07:15:00,True,normal
agent_006,merchant_c,282.96,2026-08-02T22:25:00,True,normal
agent_013,merchant_j,55910.85,2026-08-07T10:57:00,True,amount_spike
agent_009,merchant_h,1898.91,2026-08-06T22:20:00,True,normal
agent_020,merchant_h,96.41,2026-08-06T11:56:00,True,normal
agent_020,merchant_j,890.52,2026-08-07T19:50:00,True,normal
agent_016,merchant_b,450.4,2026-08-03T06:39:00,True,normal
agent_003,merchant_i,1161.2,2026-08-04T12:32:00,True,normal
agent_018,merchant_e,2336.15,2026-08-02T08:09:00,True,normal
agent_014,merchant_g,1262.75,2026-08-05T00:44:00,True,normal
agent_013,merchant_j,2141.06,2026-08-02T11:12:00,True,normal
agent_019,merchant_b,1636.02,2026-08-02T03:18:00,True,normal
agent_010,merchant_a,1136.66,2026-08-06T09:40:00,True,normal
agent_019,merchant_a,2288.48,2026-08-04T03:57:00,True,normal
agent_007,merchant_b,1846.94,2026-08-04T00:54:00,True,normal
agent_001,merchant_g,324.97,2026-08-07T06:48:00,True,normal
agent_011,merchant_h,344.15,2026-08-02T03:24:00,True,normal
agent_007,merchant_f,574.03,2026-08-06T10:48:00,True,normal
agent_011,merchant_j,2182.5,2026-08-04T10:27:00,True,normal
agent_017,merchant_g,87096.16,2026-08-05T03:38:00,True,amount_spike
agent_016,merchant_b,1814.21,2026-08-05T23:32:00,True,normal
agent_010,merchant_h,1624.27,2026-08-05T07:56:00,True,normal
agent_015,merchant_b,831.77,2026-08-04T12:11:00,False,unverified
agent_018,merchant_b,2782.78,2026-08-01T04:01:00,True,normal
agent_012,merchant_e,1110.95,2026-08-04T12:13:00,True,normal
agent_003,merchant_j,2364.09,2026-08-07T19:00:00,True,normal
agent_003,merchant_j,48145.37,2026-08-04T05:50:00,True,amount_spike
agent_009,merchant_b,1809.89,2026-08-01T10:26:00,True,normal
agent_016,merchant_d,2492.46,2026-08-03T10:25:00,True,normal
agent_003,merchant_f,402.23,2026-08-07T12:04:00,True,normal
agent_002,merchant_g,1168.83,2026-08-02T01:31:00,True,normal
agent_008,merchant_c,2376.5,2026-08-04T17:43:00,True,normal
agent_017,merchant_i,933.17,2026-08-01T02:08:00,True,normal
agent_006,merchant_h,1458.47,2026-08-05T15:06:00,True,normal
agent_010,merchant_c,978.01,2026-08-02T14:18:00,True,normal
agent_007,merchant_d,1170.53,2026-08-04T18:04:00,True,normal
agent_003,merchant_h,1418.66,2026-08-03T00:22:00,True,normal
agent_020,merchant_h,1797.0,2026-08-03T05:52:00,True,normal
agent_014,merchant_j,788.59,2026-08-04T16:00:00,True,normal
agent_016,merchant_g,2319.04,2026-08-06T23:32:00,True,normal
agent_012,merchant_h,26733.94,2026-08-07T02:00:00,True,odd_hour
agent_003,merchant_c,69235.4,2026-08-03T07:21:00,True,amount_spike
agent_002,merchant_h,2973.41,2026-08-03T19:39:00,True,normal
agent_014,merchant_h,59.57,2026-08-02T19:11:00,True,normal
agent_006,merchant_g,2143.23,2026-08-01T17:55:00,False,unverified
agent_008,merchant_g,80920.26,2026-08-07T07:10:00,True,amount_spike
agent_002,merchant_a,2525.25,2026-08-06T23:04:00,True,normal
agent_002,merchant_g,1121.77,2026-08-01T20:29:00,True,normal
agent_002,merchant_d,2708.76,2026-08-03T14:44:00,True,normal
agent_018,merchant_f,1428.85,2026-08-07T12:16:00,True,normal
agent_004,merchant_c,89128.36,2026-08-01T03:15:00,True,amount_spike
agent_014,merchant_g,1530.92,2026-08-01T14:32:00,True,normal
agent_020,merchant_i,127.45,2026-08-07T23:32:00,True,normal
agent_015,merchant_b,1000.23,2026-08-01T20:04:00,True,normal
agent_016,merchant_h,1078.97,2026-08-04T14:34:00,True,normal
agent_002,merchant_c,2053.23,2026-08-07T21:13:00,True,normal
agent_003,merchant_d,1737.28,2026-08-07T08:47:00,True,normal
agent_017,merchant_d,204.85,2026-08-03T13:37:00,True,normal
agent_020,merchant_i,1367.91,2026-08-01T22:21:00,True,normal
agent_001,merchant_a,725.38,2026-08-01T19:23:00,True,normal
agent_001,merchant_g,2428.19,2026-08-06T17:08:00,True,normal
agent_006,merchant_g,1533.45,2026-08-02T11:14:00,True,normal
agent_012,merchant_b,1342.59,2026-08-06T10:01:00,True,normal
agent_012,merchant_h,2585.11,2026-08-01T15:08:00,True,normal
agent_012,merchant_j,1932.63,2026-08-07T02:36:00,True,normal
agent_008,merchant_d,2429.36,2026-08-04T12:45:00,True,normal
agent_013,merchant_a,1990.1,2026-08-06T20:31:00,True,normal
agent_016,merchant_c,831.92,2026-08-07T06:07:00,True,normal
agent_016,merchant_b,1232.09,2026-08-02T07:09:00,True,normal
agent_014,merchant_g,2086.98,2026-08-02T17:21:00,True,normal
agent_003,merchant_h,1912.59,2026-08-06T08:02:00,True,normal
agent_014,merchant_c,2309.19,2026-08-03T01:08:00,True,normal
agent_004,merchant_f,402.69,2026-08-03T04:35:00,True,normal
agent_020,merchant_c,1017.5,2026-08-06T20:46:00,True,normal
agent_003,merchant_a,2397.85,2026-08-07T10:23:00,True,normal
agent_016,merchant_f,2422.49,2026-08-04T08:35:00,True,normal
agent_003,merchant_j,2318.57,2026-08-04T21:00:00,True,normal
agent_005,merchant_d,27503.61,2026-08-06T02:09:00,True,odd_hour
agent_002,merchant_e,83301.61,2026-08-05T13:28:00,True,amount_spike
agent_014,merchant_b,1328.89,2026-08-06T13:51:00,True,normal
agent_013,merchant_c,1511.22,2026-08-05T09:25:00,True,normal
agent_006,merchant_i,13484.05,2026-08-05T03:17:00,True,odd_hour
agent_011,merchant_d,1587.29,2026-08-06T04:20:00,True,normal
agent_009,merchant_a,2223.02,2026-08-03T02:50:00,True,normal
agent_006,merchant_f,2807.48,2026-08-02T20:13:00,True,normal
agent_016,merchant_i,98.48,2026-08-07T18:56:00,True,normal
agent_020,merchant_j,386.98,2026-08-05T11:11:00,True,normal
agent_011,merchant_h,900.24,2026-08-05T16:24:00,True,normal
agent_012,merchant_i,1381.88,2026-08-05T23:37:00,True,normal
agent_008,merchant_j,259.49,2026-08-06T16:25:00,True,normal
agent_013,merchant_c,831.4,2026-08-06T05:17:00,True,normal
agent_005,merchant_e,2904.7,2026-08-04T23:31:00,True,normal
agent_008,merchant_c,2885.5,2026-08-05T18:38:00,False,unverified
agent_020,merchant_b,1532.59,2026-08-07T01:40:00,True,normal
agent_013,merchant_h,265.27,2026-08-04T09:13:00,True,normal
agent_017,merchant_j,2078.61,2026-08-07T08:22:00,True,normal
agent_018,merchant_h,2673.32,2026-08-06T23:10:00,True,normal
agent_004,merchant_c,2414.18,2026-08-06T04:38:00,True,normal
agent_007,merchant_j,1179.76,2026-08-03T17:12:00,True,normal
agent_012,merchant_g,1255.87,2026-08-04T05:14:00,True,normal
agent_003,merchant_e,686.44,2026-08-01T03:45:00,True,normal
agent_005,merchant_a,17924.89,2026-08-02T03:54:00,True,odd_hour
agent_020,merchant_a,2371.04,2026-08-01T05:49:00,True,normal
agent_003,merchant_d,562.75,2026-08-02T18:53:00,True,normal
agent_009,merchant_j,2093.48,2026-08-04T20:26:00,True,normal
agent_019,merchant_e,2336.58,2026-08-02T07:11:00,True,normal
agent_001,merchant_h,2549.53,2026-08-01T16:36:00,True,normal
agent_009,merchant_a,1038.28,2026-08-02T08:14:00,True,normal
agent_002,merchant_h,143.62,2026-08-01T18:50:00,True,normal
agent_014,merchant_i,2409.61,2026-08-07T02:58:00,True,normal
agent_010,merchant_c,854.73,2026-08-01T22:54:00,True,normal
agent_009,merchant_i,1229.05,2026-08-04T23:53:00,True,normal
agent_018,merchant_g,2464.21,2026-08-05T07:40:00,True,normal
agent_013,merchant_g,362.54,2026-08-04T18:32:00,True,normal
agent_009,merchant_f,424.45,2026-08-02T21:35:00,True,normal
agent_010,merchant_j,701.51,2026-08-05T04:21:00,True,normal
agent_017,merchant_a,1201.84,2026-08-07T07:19:00,True,normal
agent_002,merchant_i,501.4,2026-08-02T09:54:00,True,normal
agent_013,merchant_i,914.88,2026-08-01T21:31:00,True,normal
agent_007,merchant_j,2220.42,2026-08-01T15:58:00,True,normal
agent_012,merchant_g,2001.49,2026-08-07T01:28:00,True,normal
agent_008,merchant_e,2558.37,2026-08-02T03:49:00,True,normal
agent_011,merchant_f,2927.35,2026-08-04T15:11:00,True,normal
agent_020,merchant_g,2120.73,2026-08-05T06:01:00,True,normal
agent_012,merchant_f,228.62,2026-08-07T04:40:00,True,normal
agent_015,merchant_f,1839.65,2026-08-03T07:42:00,True,normal
agent_015,merchant_d,1943.03,2026-08-02T01:01:00,True,normal
agent_018,merchant_h,1256.95,2026-08-06T18:01:00,True,normal
agent_010,merchant_g,800.65,2026-08-01T05:56:00,True,normal
agent_001,merchant_c,2413.9,2026-08-04T16:41:00,True,normal
agent_003,merchant_h,769.4,2026-08-04T04:09:00,True,normal
agent_004,merchant_c,2097.3,2026-08-06T01:09:00,True,normal
agent_016,merchant_i,2472.0,2026-08-06T21:02:00,False,unverified
agent_012,merchant_h,349.21,2026-08-07T05:06:00,False,unverified
agent_010,merchant_h,1136.41,2026-08-03T18:14:00,False,unverified
agent_001,merchant_h,1577.35,2026-08-03T02:48:00,True,normal
agent_020,merchant_j,2358.77,2026-08-02T09:03:00,True,normal
agent_013,merchant_d,657.06,2026-08-01T01:12:00,True,normal
agent_005,merchant_h,2355.5,2026-08-01T20:25:00,True,normal
agent_012,merchant_g,2242.76,2026-08-05T23:19:00,True,normal
agent_003,merchant_f,890.71,2026-08-03T18:42:00,True,normal
agent_003,merchant_a,1266.56,2026-08-01T13:14:00,True,normal
agent_003,merchant_i,906.57,2026-08-07T06:11:00,True,normal
agent_013,merchant_d,1642.29,2026-08-05T23:51:00,True,normal
agent_011,merchant_e,1685.52,2026-08-05T13:52:00,True,normal
agent_004,merchant_e,2630.69,2026-08-03T19:35:00,True,normal
agent_016,merchant_b,2418.31,2026-08-06T07:15:00,True,normal
agent_012,merchant_j,381.02,2026-08-01T21:19:00,True,normal
agent_015,merchant_i,1561.7,2026-08-07T08:05:00,True,normal
agent_002,merchant_e,1103.07,2026-08-03T04:11:00,True,normal
agent_009,merchant_h,790.81,2026-08-06T18:00:00,True,normal
agent_015,merchant_i,755.55,2026-08-03T15:53:00,True,normal
agent_017,merchant_j,1006.26,2026-08-01T00:09:00,True,normal
agent_004,merchant_a,2582.85,2026-08-05T08:27:00,True,normal
agent_001,merchant_e,670.04,2026-08-04T10:58:00,True,normal
agent_006,merchant_g,1895.53,2026-08-01T14:08:00,True,normal
agent_019,merchant_b,2209.13,2026-08-01T21:30:00,True,normal
agent_016,merchant_b,1082.84,2026-08-03T13:14:00,True,normal
agent_010,merchant_f,1320.53,2026-08-05T01:53:00,True,normal
agent_017,merchant_g,2120.34,2026-08-05T17:26:00,True,normal
agent_012,merchant_h,42407.37,2026-08-03T22:05:00,True,amount_spike
agent_003,merchant_b,1615.28,2026-08-06T19:23:00,True,normal
agent_004,merchant_e,390.51,2026-08-02T12:40:00,True,normal
agent_006,merchant_a,77.34,2026-08-04T07:02:00,True,normal
agent_004,merchant_c,853.43,2026-08-07T07:04:00,True,normal
agent_014,merchant_f,2246.88,2026-08-01T11:55:00,True,normal
agent_017,merchant_a,2583.13,2026-08-01T00:42:00,True,normal
agent_020,merchant_c,2473.9,2026-08-05T07:49:00,True,normal
agent_016,merchant_d,70.15,2026-08-04T16:21:00,True,normal
agent_010,merchant_j,1808.86,2026-08-04T16:34:00,True,normal
agent_016,merchant_d,2454.89,2026-08-02T13:16:00,True,normal
agent_015,merchant_g,1619.2,2026-08-07T04:40:00,True,normal
agent_020,merchant_a,2725.44,2026-08-07T01:51:00,True,normal
agent_018,merchant_g,209.9,2026-08-06T06:09:00,True,normal
agent_001,merchant_c,62171.57,2026-08-01T17:36:00,True,amount_spike
agent_020,merchant_i,1172.12,2026-08-03T13:37:00,True,normal
agent_004,merchant_d,2895.67,2026-08-07T02:20:00,False,unverified
agent_019,merchant_j,2248.26,2026-08-01T13:23:00,True,normal
agent_006,merchant_e,997.57,2026-08-07T04:57:00,True,normal
agent_008,merchant_b,2125.91,2026-08-05T21:12:00,True,normal
agent_004,merchant_d,1556.49,2026-08-03T22:39:00,True,normal
agent_001,merchant_b,2525.57,2026-08-04T15:01:00,True,normal
agent_013,merchant_e,2086.36,2026-08-06T17:13:00,True,normal
agent_011,merchant_g,1493.9,2026-08-03T19:35:00,True,normal
agent_018,merchant_c,45095.37,2026-08-07T06:13:00,True,amount_spike
agent_012,merchant_g,2850.93,2026-08-05T02:53:00,True,normal
agent_008,merchant_h,2732.69,2026-08-01T17:15:00,True,normal
agent_011,merchant_a,794.81,2026-08-03T02:20:00,True,normal
agent_015,merchant_d,2164.91,2026-08-02T07:44:00,True,normal
agent_004,merchant_b,1960.74,2026-08-06T06:00:00,True,normal
agent_012,merchant_c,2174.92,2026-08-02T22:13:00,True,normal
agent_014,merchant_e,2607.79,2026-08-01T16:11:00,True,normal
agent_002,merchant_h,955.08,2026-08-02T08:16:00,True,normal
agent_018,merchant_f,1011.66,2026-08-03T03:03:00,True,normal
agent_008,merchant_c,1196.51,2026-08-07T02:47:00,True,normal
agent_017,merchant_j,518.3,2026-08-06T22:44:00,True,normal
agent_010,merchant_j,300.02,2026-08-07T23:47:00,True,normal
agent_009,merchant_h,2628.64,2026-08-01T14:14:00,True,normal
agent_015,merchant_c,948.74,2026-08-02T05:12:00,True,normal
agent_020,merchant_j,40034.17,2026-08-03T11:44:00,True,amount_spike
agent_014,merchant_b,1437.41,2026-08-03T20:53:00,True,normal
agent_003,merchant_d,1989.92,2026-08-02T05:51:00,True,normal
agent_008,merchant_a,860.82,2026-08-04T07:45:00,True,normal
agent_012,merchant_i,2359.81,2026-08-06T22:48:00,True,normal
agent_018,merchant_f,2026.54,2026-08-07T09:22:00,True,normal
agent_006,merchant_j,2177.33,2026-08-04T17:24:00,True,normal
agent_006,merchant_i,1512.08,2026-08-05T20:39:00,True,normal
agent_016,merchant_b,2503.73,2026-08-01T18:19:00,True,normal
agent_011,merchant_d,615.19,2026-08-02T05:50:00,True,normal
agent_012,merchant_i,990.27,2026-08-05T08:04:00,True,normal
agent_007,merchant_d,1114.6,2026-08-04T08:53:00,True,normal
agent_006,merchant_d,532.04,2026-08-07T01:51:00,True,normal
agent_005,merchant_b,482.01,2026-08-03T16:31:00,True,normal
agent_007,merchant_g,15381.67,2026-08-03T02:26:00,True,odd_hour
agent_005,merchant_b,1713.71,2026-08-06T09:18:00,True,normal
agent_009,merchant_c,1547.66,2026-08-06T16:41:00,True,normal
agent_018,merchant_a,1928.41,2026-08-06T09:58:00,True,normal
agent_016,merchant_e,2267.74,2026-08-06T02:53:00,True,normal
agent_013,merchant_j,767.46,2026-08-06T05:20:00,True,normal
agent_008,merchant_b,782.09,2026-08-04T03:37:00,True,normal
agent_019,merchant_j,1172.12,2026-08-01T05:20:00,True,normal
agent_014,merchant_a,759.97,2026-08-07T23:54:00,True,normal
agent_018,merchant_b,2061.05,2026-08-01T03:08:00,True,normal
agent_016,merchant_i,74.12,2026-08-04T06:01:00,True,normal
agent_017,merchant_c,2803.12,2026-08-04T00:25:00,True,normal
agent_011,merchant_e,1739.57,2026-08-04T07:54:00,True,normal
agent_005,merchant_c,1392.19,2026-08-06T10:34:00,True,normal
agent_012,merchant_j,558.96,2026-08-06T05:01:00,True,normal
agent_019,merchant_b,2788.94,2026-08-07T20:35:00,True,normal
agent_006,merchant_f,869.72,2026-08-05T19:24:00,True,normal
agent_007,merchant_a,1731.72,2026-08-03T08:30:00,True,normal
agent_002,merchant_h,1188.36,2026-08-03T17:21:00,True,normal
agent_015,merchant_c,2274.75,2026-08-01T20:33:00,True,normal
agent_016,merchant_h,1076.49,2026-08-02T00:54:00,True,normal
agent_004,merchant_h,2253.69,2026-08-01T02:06:00,True,normal
agent_008,merchant_j,655.36,2026-08-02T10:23:00,True,normal
agent_012,merchant_j,1005.13,2026-08-03T16:58:00,True,normal
agent_003,merchant_i,1171.03,2026-08-04T17:43:00,True,normal
agent_015,merchant_e,2484.67,2026-08-07T06:08:00,True,normal
agent_018,merchant_d,688.33,2026-08-03T02:33:00,True,normal
agent_003,merchant_f,14300.42,2026-08-02T01:02:00,True,odd_hour
agent_019,merchant_f,2562.55,2026-08-04T01:17:00,True,normal
agent_016,merchant_i,1364.17,2026-08-02T00:49:00,True,normal
agent_012,merchant_d,1440.86,2026-08-02T05:35:00,True,normal
agent_015,merchant_i,516.03,2026-08-04T06:32:00,True,normal
agent_008,merchant_j,2082.94,2026-08-03T09:18:00,True,normal
agent_003,merchant_j,71361.31,2026-08-05T22:53:00,True,amount_spike
agent_019,merchant_j,1803.83,2026-08-03T19:13:00,True,normal
agent_014,merchant_h,258.94,2026-08-02T12:05:00,True,normal
agent_019,merchant_h,1682.75,2026-08-05T04:46:00,True,normal
agent_006,merchant_a,28279.6,2026-08-03T03:35:00,True,odd_hour
agent_018,merchant_f,711.46,2026-08-01T14:13:00,True,normal
agent_012,merchant_a,2292.01,2026-08-07T04:00:00,True,normal
agent_005,merchant_c,2231.98,2026-08-05T07:45:00,True,normal
agent_016,merchant_d,1143.58,2026-08-04T15:26:00,True,normal
agent_006,merchant_e,1247.92,2026-08-07T11:24:00,True,normal
agent_003,merchant_c,1077.57,2026-08-02T07:41:00,True,normal
agent_019,merchant_c,2918.52,2026-08-01T20:08:00,True,normal
agent_003,merchant_j,1545.85,2026-08-07T23:56:00,True,normal
agent_011,merchant_h,2967.84,2026-08-04T05:42:00,True,normal
agent_008,merchant_i,930.57,2026-08-04T04:11:00,True,normal
agent_004,merchant_f,2394.95,2026-08-05T11:33:00,True,normal
agent_003,merchant_g,595.4,2026-08-07T04:34:00,False,unverified
agent_002,merchant_d,85901.55,2026-08-03T20:07:00,True,amount_spike
agent_019,merchant_h,2059.34,2026-08-07T14:14:00,True,normal
agent_006,merchant_c,459.58,2026-08-05T07:57:00,True,normal
agent_006,merchant_i,1059.86,2026-08-06T05:31:00,True,normal
agent_007,merchant_d,833.56,2026-08-04T13:47:00,True,normal
agent_003,merchant_f,249.65,2026-08-06T22:56:00,True,normal
agent_020,merchant_f,2535.46,2026-08-07T21:14:00,True,normal
agent_007,merchant_j,499.53,2026-08-01T05:33:00,True,normal
agent_008,merchant_d,953.31,2026-08-05T14:25:00,True,normal
agent_005,merchant_i,2249.1,2026-08-01T21:24:00,True,normal
agent_010,merchant_f,2295.97,2026-08-06T01:26:00,True,normal
agent_018,merchant_c,2243.78,2026-08-06T01:45:00,True,normal
agent_008,merchant_b,1155.99,2026-08-05T09:26:00,True,normal
agent_004,merchant_d,1318.71,2026-08-07T06:33:00,True,normal
agent_009,merchant_i,941.33,2026-08-03T11:35:00,False,unverified
agent_004,merchant_d,830.71,2026-08-03T08:44:00,True,normal
agent_017,merchant_i,2369.92,2026-08-07T04:34:00,True,normal
agent_011,merchant_b,2689.63,2026-08-07T10:30:00,True,normal
agent_020,merchant_b,2389.63,2026-08-05T21:28:00,True,normal
agent_002,merchant_h,1276.08,2026-08-02T19:09:00,True,normal
agent_013,merchant_c,2796.92,2026-08-02T16:58:00,True,normal
agent_003,merchant_a,1255.13,2026-08-02T18:44:00,True,normal
agent_018,merchant_c,1294.55,2026-08-06T02:30:00,True,normal
agent_005,merchant_j,28498.56,2026-08-07T01:43:00,True,odd_hour
agent_011,merchant_f,328.79,2026-08-01T17:59:00,True,normal
agent_002,merchant_f,2702.0,2026-08-04T12:10:00,True,normal
agent_005,merchant_i,789.43,2026-08-02T11:29:00,True,normal
agent_010,merchant_d,567.71,2026-08-07T11:02:00,True,normal
agent_009,merchant_e,454.96,2026-08-07T09:28:00,True,normal
agent_017,merchant_g,320.56,2026-08-02T16:14:00,True,normal
agent_020,merchant_b,429.56,2026-08-07T22:51:00,True,normal
agent_003,merchant_e,2992.41,2026-08-03T16:06:00,True,normal
agent_006,merchant_a,423.94,2026-08-04T00:27:00,True,normal
agent_015,merchant_d,837.82,2026-08-01T14:05:00,True,normal
agent_006,merchant_g,46309.3,2026-08-02T21:38:00,True,amount_spike
agent_008,merchant_i,1505.87,2026-08-02T13:46:00,True,normal
agent_020,merchant_f,290.43,2026-08-02T17:03:00,True,normal
agent_009,merchant_e,2746.44,2026-08-02T20:55:00,True,normal
agent_006,merchant_b,1596.94,2026-08-02T05:13:00,True,normal
agent_005,merchant_h,1931.82,2026-08-03T15:24:00,True,normal
agent_020,merchant_g,1989.25,2026-08-01T22:23:00,True,normal
agent_013,merchant_j,1170.68,2026-08-04T18:43:00,True,normal
agent_009,merchant_e,283.11,2026-08-01T22:49:00,True,normal
agent_001,merchant_f,439.35,2026-08-05T02:36:00,True,normal
agent_020,merchant_c,2084.81,2026-08-05T20:21:00,True,normal
agent_007,merchant_i,2251.56,2026-08-07T19:40:00,True,normal
agent_006,merchant_j,458.28,2026-08-03T06:31:00,True,normal
agent_002,merchant_a,197.92,2026-08-04T13:38:00,True,normal
agent_002,merchant_g,712.32,2026-08-07T06:58:00,True,normal
agent_015,merchant_c,12250.38,2026-08-01T04:22:00,True,odd_hour
agent_003,merchant_h,2056.32,2026-08-06T02:52:00,True,normal
agent_010,merchant_c,2391.4,2026-08-02T19:00:00,True,normal
agent_006,merchant_h,51.99,2026-08-06T00:30:00,True,normal
agent_003,merchant_h,1985.12,2026-08-04T22:34:00,True,normal
agent_019,merchant_e,2111.09,2026-08-01T18:03:00,True,normal
agent_001,merchant_b,921.53,2026-08-06T11:49:00,True,normal
agent_019,merchant_a,289.61,2026-08-01T11:14:00,True,normal
agent_013,merchant_h,2273.58,2026-08-03T16:18:00,True,normal
agent_008,merchant_f,2794.89,2026-08-06T03:11:00,True,normal
agent_020,merchant_d,56554.73,2026-08-05T22:33:00,True,amount_spike
agent_019,merchant_c,1367.31,2026-08-06T13:42:00,True,normal
agent_003,merchant_h,460.58,2026-08-05T15:43:00,True,normal
agent_008,merchant_j,2000.49,2026-08-04T00:14:00,True,normal
agent_001,merchant_d,2888.13,2026-08-03T09:50:00,True,normal
agent_018,merchant_c,610.2,2026-08-06T12:53:00,True,normal
agent_008,merchant_a,1997.1,2026-08-03T12:52:00,True,normal
agent_009,merchant_j,2889.48,2026-08-03T00:45:00,True,normal
agent_008,merchant_f,2490.89,2026-08-05T16:59:00,True,normal
agent_009,merchant_b,2154.96,2026-08-06T00:06:00,True,normal
agent_010,merchant_d,2086.21,2026-08-04T06:55:00,True,normal
agent_003,merchant_j,1782.01,2026-08-03T14:30:00,True,normal
agent_011,merchant_i,1956.07,2026-08-01T23:01:00,True,normal
agent_002,merchant_d,2422.8,2026-08-03T00:58:00,True,normal
agent_001,merchant_j,265.44,2026-08-03T11:30:00,True,normal
agent_012,merchant_b,2325.93,2026-08-03T17:50:00,True,normal
agent_005,merchant_h,982.72,2026-08-04T09:55:00,True,normal
agent_008,merchant_g,1719.49,2026-08-07T01:02:00,True,normal
agent_009,merchant_h,1677.46,2026-08-02T20:07:00,True,normal
agent_019,merchant_j,1228.23,2026-08-05T20:59:00,True,normal
agent_004,merchant_b,723.79,2026-08-07T12:42:00,True,normal
agent_019,merchant_f,495.32,2026-08-04T16:15:00,True,normal
agent_019,merchant_b,2982.06,2026-08-04T10:58:00,True,normal
agent_016,merchant_d,2297.49,2026-08-07T02:46:00,True,normal
agent_001,merchant_f,2460.47,2026-08-01T02:12:00,True,normal
agent_003,merchant_a,2851.35,2026-08-01T10:59:00,True,normal
agent_008,merchant_f,1753.55,2026-08-07T13:18:00,True,normal
agent_019,merchant_g,2543.21,2026-08-03T13:45:00,True,normal
agent_015,merchant_e,644.69,2026-08-01T10:05:00,True,normal
agent_007,merchant_g,1867.42,2026-08-02T17:20:00,True,normal
agent_003,merchant_j,149.05,2026-08-02T03:33:00,True,normal
agent_005,merchant_i,306.47,2026-08-02T03:59:00,True,normal
agent_018,merchant_g,84.96,2026-08-07T06:38:00,True,normal
agent_019,merchant_i,2018.04,2026-08-06T12:52:00,True,normal
agent_014,merchant_b,1646.43,2026-08-04T22:04:00,True,normal
agent_019,merchant_j,2991.93,2026-08-03T06:33:00,True,normal
agent_009,merchant_b,1540.12,2026-08-05T04:35:00,False,unverified
agent_007,merchant_f,2164.97,2026-08-02T11:37:00,False,unverified
agent_005,merchant_e,1682.27,2026-08-01T04:25:00,True,normal
agent_018,merchant_d,2905.98,2026-08-05T12:36:00,True,normal
agent_019,merchant_h,1392.83,2026-08-01T21:02:00,True,normal
agent_002,merchant_g,2904.97,2026-08-07T09:34:00,True,normal
agent_015,merchant_c,1259.44,2026-08-01T04:11:00,True,normal
agent_019,merchant_g,17654.59,2026-08-05T01:16:00,True,odd_hour
agent_012,merchant_i,226.94,2026-08-02T11:31:00,True,normal
agent_018,merchant_c,2353.18,2026-08-04T06:49:00,True,normal
agent_012,merchant_h,1361.85,2026-08-03T11:19:00,True,normal
agent_005,merchant_b,753.79,2026-08-04T13:31:00,True,normal
agent_014,merchant_i,838.16,2026-08-04T20:48:00,True,normal
agent_003,merchant_b,1320.29,2026-08-05T19:55:00,True,normal
agent_015,merchant_i,1445.9,2026-08-03T10:21:00,True,normal
agent_016,merchant_g,2944.07,2026-08-01T11:53:00,True,normal
agent_020,merchant_i,791.67,2026-08-06T07:48:00,True,normal
agent_016,merchant_j,1064.9,2026-08-07T04:41:00,False,unverified
agent_005,merchant_b,2624.52,2026-08-06T14:02:00,True,normal
agent_009,merchant_f,1957.78,2026-08-03T07:31:00,True,normal
agent_015,merchant_e,1517.24,2026-08-06T16:11:00,True,normal
agent_006,merchant_i,1307.79,2026-08-04T18:22:00,True,normal
agent_019,merchant_j,11496.61,2026-08-02T04:05:00,True,odd_hour
agent_009,merchant_i,385.76,2026-08-03T10:51:00,True,normal
agent_005,merchant_c,1514.42,2026-08-01T03:05:00,True,normal
agent_008,merchant_b,2943.74,2026-08-05T03:02:00,True,normal
agent_007,merchant_h,364.63,2026-08-05T09:02:00,True,normal
agent_005,merchant_h,127.54,2026-08-03T16:38:00,True,normal
agent_001,merchant_j,2048.17,2026-08-04T13:11:00,True,normal
agent_009,merchant_c,856.15,2026-08-01T07:54:00,True,normal
agent_003,merchant_b,2246.54,2026-08-05T21:55:00,True,normal
agent_003,merchant_g,1571.06,2026-08-02T01:25:00,True,normal
agent_020,merchant_e,1388.46,2026-08-07T00:52:00,True,normal
agent_016,merchant_h,1373.37,2026-08-02T13:53:00,True,normal
agent_017,merchant_j,22947.43,2026-08-01T02:28:00,True,odd_hour
agent_011,merchant_h,2943.42,2026-08-02T23:48:00,True,normal
agent_004,merchant_e,772.43,2026-08-01T06:49:00,True,normal
agent_002,merchant_h,392.56,2026-08-04T11:06:00,True,normal
agent_020,merchant_e,146.51,2026-08-05T15:26:00,True,normal
agent_004,merchant_a,1351.06,2026-08-03T04:05:00,True,normal
agent_006,merchant_i,1971.95,2026-08-06T08:28:00,True,normal
agent_014,merchant_h,1856.28,2026-08-02T07:40:00,True,normal
agent_019,merchant_i,1556.88,2026-08-06T15:15:00,True,normal
agent_018,merchant_d,44512.87,2026-08-04T12:23:00,True,amount_spike
agent_012,merchant_b,1339.41,2026-08-01T14:39:00,True,normal
agent_008,merchant_a,2683.35,2026-08-02T16:17:00,True,normal
agent_017,merchant_g,921.85,2026-08-03T03:30:00,True,normal
agent_018,merchant_j,2658.53,2026-08-02T11:26:00,True,normal
agent_019,merchant_c,1596.49,2026-08-06T11:11:00,True,normal
agent_010,merchant_e,325.35,2026-08-02T19:24:00,True,normal
agent_003,merchant_g,2998.81,2026-08-04T12:27:00,True,normal
agent_015,merchant_h,2403.17,2026-08-03T09:14:00,True,normal
agent_006,merchant_j,504.87,2026-08-07T17:36:00,True,normal
agent_020,merchant_f,650.61,2026-08-03T09:30:00,True,normal
agent_008,merchant_j,1603.05,2026-08-03T04:24:00,True,normal
agent_017,merchant_d,2169.71,2026-08-07T13:01:00,True,normal
agent_020,merchant_j,1161.32,2026-08-02T11:47:00,True,normal
agent_008,merchant_a,1926.03,2026-08-07T03:52:00,False,unverified
agent_006,merchant_h,53749.09,2026-08-05T00:39:00,True,amount_spike
agent_014,merchant_b,1374.75,2026-08-05T06:56:00,True,normal
agent_005,merchant_b,2509.39,2026-08-05T17:17:00,True,normal
agent_012,merchant_g,283.11,2026-08-04T00:59:00,True,normal
agent_010,merchant_a,639.04,2026-08-07T19:53:00,False,unverified
agent_005,merchant_g,255.28,2026-08-07T10:38:00,True,normal
agent_020,merchant_c,1209.22,2026-08-04T14:58:00,True,normal
agent_016,merchant_i,2971.45,2026-08-03T02:15:00,True,normal
agent_006,merchant_d,1096.73,2026-08-06T13:08:00,True,normal
agent_004,merchant_j,957.65,2026-08-05T17:44:00,True,normal
agent_005,merchant_i,1706.87,2026-08-05T05:10:00,True,normal
agent_011,merchant_i,1161.63,2026-08-06T10:37:00,True,normal
agent_003,merchant_f,87.32,2026-08-06T18:09:00,True,normal
agent_020,merchant_j,617.25,2026-08-05T02:45:00,True,normal
agent_003,merchant_i,1867.34,2026-08-07T02:31:00,True,normal
agent_008,merchant_c,76.97,2026-08-01T18:33:00,True,normal
agent_020,merchant_d,2234.6,2026-08-01T13:17:00,True,normal
agent_007,merchant_f,2195.77,2026-08-04T23:24:00,True,normal
agent_004,merchant_h,15282.73,2026-08-04T04:07:00,True,odd_hour
agent_003,merchant_b,2338.11,2026-08-05T23:53:00,True,normal
agent_012,merchant_h,2301.1,2026-08-05T05:35:00,True,normal
agent_008,merchant_f,850.21,2026-08-05T17:39:00,True,normal
agent_017,merchant_i,158.46,2026-08-05T18:13:00,True,normal
agent_014,merchant_h,346.61,2026-08-04T18:11:00,True,normal
agent_003,merchant_j,1316.39,2026-08-04T13:29:00,True,normal
agent_006,merchant_i,564.64,2026-08-03T18:36:00,True,normal
agent_006,merchant_g,2374.48,2026-08-01T09:55:00,True,normal
agent_003,merchant_d,2330.55,2026-08-01T12:30:00,True,normal
agent_004,merchant_i,677.58,2026-08-07T13:48:00,True,normal
agent_002,merchant_h,12405.64,2026-08-06T02:06:00,True,odd_hour
agent_016,merchant_i,514.43,2026-08-06T17:18:00,True,normal
agent_009,merchant_d,1640.74,2026-08-06T12:33:00,True,normal
agent_015,merchant_f,2020.13,2026-08-01T23:58:00,True,normal
agent_011,merchant_a,1089.28,2026-08-02T12:25:00,True,normal
agent_008,merchant_h,1071.17,2026-08-03T19:35:00,True,normal
agent_012,merchant_f,2383.68,2026-08-05T21:15:00,True,normal
agent_019,merchant_b,2756.41,2026-08-07T16:02:00,False,unverified
agent_013,merchant_d,239.48,2026-08-02T17:43:00,True,normal
agent_018,merchant_f,379.08,2026-08-04T00:51:00,True,normal
agent_013,merchant_f,10775.65,2026-08-02T04:16:00,True,odd_hour
agent_006,merchant_j,2436.68,2026-08-03T01:22:00,True,normal
agent_014,merchant_e,23211.96,2026-08-07T03:18:00,True,odd_hour
agent_008,merchant_c,2427.04,2026-08-04T10:07:00,True,normal
agent_018,merchant_b,1189.73,2026-08-04T06:48:00,True,normal
agent_014,merchant_b,2924.94,2026-08-05T05:42:00,False,unverified
agent_007,merchant_g,256.42,2026-08-05T03:27:00,True,normal
agent_017,merchant_j,2434.19,2026-08-04T01:45:00,True,normal
agent_015,merchant_g,2104.94,2026-08-04T05:53:00,True,normal
agent_002,merchant_g,1198.96,2026-08-03T08:28:00,True,normal
agent_006,merchant_e,1570.58,2026-08-01T23:09:00,True,normal
agent_009,merchant_e,2646.94,2026-08-04T20:56:00,True,normal
agent_016,merchant_i,836.83,2026-08-05T04:18:00,True,normal
agent_002,merchant_h,1812.68,2026-08-04T04:49:00,True,normal
agent_013,merchant_i,1285.05,2026-08-06T17:19:00,True,normal
agent_020,merchant_f,2750.0,2026-08-07T09:18:00,True,normal
agent_008,merchant_i,1981.09,2026-08-06T16:20:00,True,normal
agent_002,merchant_g,1934.91,2026-08-03T17:06:00,True,normal
agent_020,merchant_b,377.03,2026-08-06T04:49:00,True,normal
agent_006,merchant_e,1292.25,2026-08-05T22:41:00,True,normal
agent_013,merchant_d,1385.64,2026-08-04T17:05:00,False,unverified
agent_011,merchant_e,80534.47,2026-08-07T19:03:00,True,amount_spike
agent_014,merchant_f,103.78,2026-08-06T18:51:00,True,normal
agent_008,merchant_h,1081.49,2026-08-03T06:29:00,True,normal
agent_008,merchant_i,1129.04,2026-08-05T12:31:00,True,normal
agent_015,merchant_j,892.45,2026-08-03T10:35:00,True,normal
agent_003,merchant_i,1712.35,2026-08-04T04:33:00,True,normal
agent_014,merchant_e,2050.74,2026-08-02T06:16:00,True,normal
agent_008,merchant_h,67483.13,2026-08-02T02:11:00,True,amount_spike
agent_013,merchant_h,2762.65,2026-08-02T21:04:00,True,normal
agent_010,merchant_h,480.51,2026-08-04T01:17:00,True,normal
agent_015,merchant_f,2857.93,2026-08-01T14:38:00,True,normal
agent_013,merchant_e,2599.84,2026-08-04T17:38:00,True,normal
agent_011,merchant_b,52477.04,2026-08-06T01:57:00,True,amount_spike
agent_012,merchant_a,2194.1,2026-08-06T02:05:00,True,normal
agent_001,merchant_c,1348.29,2026-08-07T22:39:00,True,normal
agent_002,merchant_b,2442.35,2026-08-06T03:01:00,True,normal
agent_018,merchant_i,542.25,2026-08-02T23:18:00,True,normal
agent_002,merchant_b,1897.23,2026-08-01T12:32:00,True,normal
agent_015,merchant_e,791.64,2026-08-04T01:58:00,True,normal
agent_012,merchant_g,1838.32,2026-08-04T13:39:00,True,normal
agent_002,merchant_a,1237.73,2026-08-02T02:52:00,True,normal
agent_018,merchant_e,1474.69,2026-08-04T07:05:00,True,normal
agent_018,merchant_i,1530.29,2026-08-05T03:54:00,True,normal
agent_020,merchant_i,939.81,2026-08-01T11:50:00,True,normal
agent_003,merchant_d,1923.42,2026-08-03T20:25:00,True,normal
agent_018,merchant_h,2801.91,2026-08-05T07:00:00,True,normal
agent_010,merchant_g,859.72,2026-08-01T05:59:00,True,normal
agent_013,merchant_e,1270.74,2026-08-01T03:22:00,True,normal
agent_015,merchant_e,1854.45,2026-08-07T04:20:00,True,normal
agent_005,merchant_b,1615.0,2026-08-02T15:00:00,True,normal
agent_006,merchant_a,579.11,2026-08-05T16:35:00,True,normal
agent_007,merchant_e,2312.35,2026-08-06T06:59:00,True,normal
agent_017,merchant_h,2140.78,2026-08-07T01:21:00,True,normal
agent_002,merchant_j,2645.16,2026-08-07T08:01:00,True,normal
agent_019,merchant_f,1421.72,2026-08-07T21:39:00,True,normal
agent_009,merchant_i,84864.37,2026-08-02T01:24:00,True,amount_spike
agent_003,merchant_b,1171.37,2026-08-03T15:34:00,True,normal
agent_014,merchant_a,326.4,2026-08-01T08:40:00,True,normal
agent_002,merchant_i,2897.79,2026-08-02T10:28:00,True,normal
agent_002,merchant_g,2954.11,2026-08-03T12:12:00,True,normal
agent_012,merchant_f,183.47,2026-08-05T14:06:00,True,normal
agent_009,merchant_j,1335.86,2026-08-03T01:33:00,True,normal
agent_001,merchant_h,833.31,2026-08-07T18:59:00,True,normal
agent_005,merchant_f,2570.73,2026-08-02T20:55:00,True,normal
agent_020,merchant_d,2790.29,2026-08-05T19:32:00,True,normal
agent_018,merchant_h,1334.94,2026-08-06T12:01:00,True,normal
agent_008,merchant_b,47032.17,2026-08-07T10:25:00,True,amount_spike
agent_019,merchant_f,1661.75,2026-08-05T18:55:00,True,normal
agent_002,merchant_j,1972.92,2026-08-06T02:48:00,True,normal
agent_010,merchant_e,1526.39,2026-08-05T13:54:00,True,normal
agent_002,merchant_j,735.05,2026-08-02T00:25:00,True,normal
agent_014,merchant_d,439.87,2026-08-02T23:57:00,True,normal
agent_019,merchant_g,1156.76,2026-08-04T01:22:00,True,normal
agent_004,merchant_f,77186.18,2026-08-03T14:14:00,True,amount_spike
agent_005,merchant_c,260.66,2026-08-04T00:32:00,True,normal
agent_008,merchant_b,545.27,2026-08-04T22:42:00,False,unverified
agent_010,merchant_e,2017.33,2026-08-06T18:28:00,True,normal
agent_020,merchant_b,2464.35,2026-08-04T19:31:00,True,normal
agent_011,merchant_h,877.02,2026-08-04T10:45:00,False,unverified
agent_001,merchant_a,1441.71,2026-08-03T18:46:00,True,normal
agent_006,merchant_h,2543.72,2026-08-01T22:34:00,True,normal
agent_006,merchant_e,13270.27,2026-08-06T03:35:00,True,odd_hour
agent_011,merchant_b,2173.28,2026-08-04T13:43:00,True,normal
agent_010,merchant_j,40089.9,2026-08-04T08:25:00,True,amount_spike
agent_002,merchant_i,895.14,2026-08-05T12:40:00,True,normal
agent_017,merchant_f,228.33,2026-08-06T04:31:00,True,normal
agent_002,merchant_f,96.19,2026-08-03T00:58:00,True,normal
agent_015,merchant_e,1774.45,2026-08-05T04:38:00,True,normal
agent_017,merchant_g,1809.46,2026-08-05T10:04:00,True,normal
agent_017,merchant_g,2703.54,2026-08-02T07:34:00,True,normal
agent_011,merchant_j,14013.42,2026-08-01T03:35:00,True,odd_hour
agent_019,merchant_f,1173.67,2026-08-07T05:44:00,True,normal
agent_002,merchant_i,418.24,2026-08-06T05:27:00,True,normal
agent_020,merchant_f,137.4,2026-08-05T12:19:00,True,normal
agent_001,merchant_j,168.68,2026-08-04T01:35:00,True,normal
agent_013,merchant_d,274.19,2026-08-05T12:18:00,True,normal
agent_007,merchant_h,2988.11,2026-08-02T19:30:00,True,normal
agent_015,merchant_j,932.51,2026-08-04T22:21:00,True,normal
agent_018,merchant_d,1739.47,2026-08-06T18:01:00,True,normal
agent_014,merchant_e,229.89,2026-08-07T06:22:00,False,unverified
agent_006,merchant_a,1262.03,2026-08-05T23:30:00,True,normal
agent_017,merchant_b,2956.14,2026-08-03T13:13:00,True,normal
agent_017,merchant_i,1446.53,2026-08-05T12:44:00,True,normal
agent_005,merchant_a,772.29,2026-08-01T06:40:00,True,normal
agent_003,merchant_b,48045.22,2026-08-04T21:20:00,True,amount_spike
agent_019,merchant_d,1983.54,2026-08-04T13:55:00,True,normal
agent_013,merchant_e,2217.88,2026-08-04T15:08:00,True,normal
agent_019,merchant_e,160.52,2026-08-07T22:17:00,False,unverified
agent_001,merchant_h,1491.92,2026-08-03T18:03:00,False,unverified
agent_009,merchant_g,18834.33,2026-08-05T02:48:00,True,odd_hour
agent_016,merchant_d,328.26,2026-08-05T15:09:00,True,normal
agent_009,merchant_h,2562.18,2026-08-05T19:43:00,False,unverified
agent_017,merchant_a,847.79,2026-08-04T15:49:00,False,unverified
agent_013,merchant_f,1745.7,2026-08-07T12:10:00,True,normal
agent_009,merchant_i,11740.55,2026-08-04T01:18:00,True,odd_hour
agent_005,merchant_e,2541.06,2026-08-01T21:04:00,True,normal
agent_014,merchant_g,1504.59,2026-08-02T21:25:00,False,unverified
agent_011,merchant_f,1320.32,2026-08-06T00:12:00,True,normal
agent_013,merchant_e,2185.01,2026-08-04T05:35:00,True,normal
agent_015,merchant_i,1308.89,2026-08-07T23:17:00,True,normal
agent_016,merchant_d,2087.3,2026-08-07T07:36:00,True,normal
agent_002,merchant_i,661.66,2026-08-02T13:42:00,True,normal
agent_007,merchant_d,1678.63,2026-08-05T12:18:00,True,normal
agent_008,merchant_i,825.09,2026-08-07T09:17:00,True,normal
agent_013,merchant_a,1391.74,2026-08-07T06:12:00,True,normal
agent_014,merchant_i,1424.48,2026-08-04T18:21:00,True,normal
agent_008,merchant_i,476.69,2026-08-06T04:43:00,True,normal
agent_001,merchant_e,2520.55,2026-08-04T05:14:00,True,normal
agent_011,merchant_e,245.26,2026-08-05T13:32:00,True,normal
agent_008,merchant_c,1096.67,2026-08-07T13:12:00,False,unverified
agent_011,merchant_h,2560.31,2026-08-01T07:50:00,True,normal
agent_012,merchant_h,181.62,2026-08-03T02:56:00,False,unverified
agent_005,merchant_h,22945.57,2026-08-01T02:27:00,True,odd_hour
agent_012,merchant_b,1146.94,2026-08-03T20:22:00,True,normal
agent_006,merchant_b,99.23,2026-08-06T08:37:00,True,normal
agent_001,merchant_e,2272.75,2026-08-05T00:03:00,True,normal
agent_016,merchant_f,1811.06,2026-08-07T00:06:00,True,normal
agent_015,merchant_b,2791.83,2026-08-01T04:26:00,True,normal
agent_002,merchant_a,1406.28,2026-08-05T23:07:00,True,normal
agent_002,merchant_g,2652.62,2026-08-02T23:48:00,True,normal
agent_019,merchant_g,920.82,2026-08-07T14:08:00,True,normal
agent_005,merchant_i,2934.84,2026-08-01T01:24:00,True,normal
agent_008,merchant_i,2690.03,2026-08-04T22:29:00,True,normal
agent_006,merchant_a,438.82,2026-08-02T06:01:00,True,normal
agent_007,merchant_i,1013.91,2026-08-02T18:25:00,True,normal
agent_002,merchant_b,1566.76,2026-08-04T18:13:00,True,normal
agent_003,merchant_g,403.67,2026-08-03T16:13:00,True,normal
agent_009,merchant_a,1574.05,2026-08-07T07:46:00,True,normal
agent_013,merchant_b,972.02,2026-08-05T17:35:00,True,normal
agent_004,merchant_d,2102.1,2026-08-06T10:46:00,True,normal
agent_014,merchant_j,2765.54,2026-08-06T17:01:00,True,normal
agent_003,merchant_f,2557.81,2026-08-06T05:11:00,True,normal
agent_001,merchant_i,2076.23,2026-08-06T21:58:00,True,normal
agent_014,merchant_c,2652.34,2026-08-03T07:14:00,True,normal
agent_014,merchant_g,2610.87,2026-08-05T00:33:00,True,normal
agent_011,merchant_f,2348.4,2026-08-03T12:30:00,True,normal
agent_019,merchant_g,597.97,2026-08-05T08:46:00,True,normal
agent_005,merchant_e,2329.39,2026-08-01T19:03:00,True,normal
agent_013,merchant_h,2742.85,2026-08-03T17:45:00,True,normal
agent_018,merchant_g,2279.05,2026-08-04T18:35:00,True,normal
agent_011,merchant_a,2613.28,2026-08-07T14:54:00,True,normal
agent_015,merchant_b,935.78,2026-08-04T15:05:00,True,normal
agent_011,merchant_d,2474.32,2026-08-01T15:16:00,True,normal
agent_010,merchant_j,227.68,2026-08-07T11:16:00,True,normal
agent_004,merchant_c,2206.8,2026-08-04T18:17:00,True,normal
agent_001,merchant_i,684.64,2026-08-02T01:03:00,True,normal
agent_015,merchant_c,1142.03,2026-08-05T03:37:00,True,normal
agent_010,merchant_d,1058.11,2026-08-03T01:13:00,True,normal
agent_006,merchant_j,2259.43,2026-08-04T11:59:00,True,normal
agent_013,merchant_i,1017.38,2026-08-05T20:47:00,True,normal
agent_003,merchant_c,428.75,2026-08-07T01:27:00,True,normal
agent_013,merchant_b,354.44,2026-08-02T00:23:00,True,normal
agent_016,merchant_f,2051.01,2026-08-03T04:58:00,True,normal
agent_008,merchant_j,1091.04,2026-08-03T10:44:00,True,normal
agent_019,merchant_f,2687.76,2026-08-06T12:31:00,True,normal
agent_018,merchant_j,1802.39,2026-08-02T01:25:00,False,unverified
agent_006,merchant_c,2553.57,2026-08-01T08:30:00,True,normal
agent_019,merchant_b,2327.89,2026-08-05T07:47:00,True,normal
agent_019,merchant_i,1132.5,2026-08-02T13:35:00,True,normal
agent_008,merchant_b,1978.52,2026-08-04T09:54:00,True,normal
agent_018,merchant_c,494.95,2026-08-01T22:00:00,True,normal
agent_004,merchant_i,2658.2,2026-08-05T00:34:00,True,normal
agent_011,merchant_i,1398.12,2026-08-06T09:21:00,True,normal
agent_012,merchant_c,1334.69,2026-08-06T05:32:00,True,normal
agent_014,merchant_c,934.67,2026-08-05T15:28:00,True,normal
agent_007,merchant_d,2174.22,2026-08-01T23:22:00,True,normal
agent_011,merchant_b,2580.31,2026-08-04T15:40:00,True,normal
agent_010,merchant_b,462.34,2026-08-05T15:29:00,True,normal
agent_012,merchant_i,1937.39,2026-08-02T11:02:00,True,normal
agent_007,merchant_g,700.3,2026-08-07T04:48:00,True,normal
agent_001,merchant_e,2783.23,2026-08-05T10:36:00,True,normal
agent_006,merchant_c,802.59,2026-08-05T04:24:00,True,normal
agent_002,merchant_j,971.72,2026-08-04T06:32:00,True,normal
agent_016,merchant_j,2930.99,2026-08-04T03:30:00,True,normal
agent_009,merchant_h,723.01,2026-08-06T03:01:00,True,normal
agent_007,merchant_e,903.87,2026-08-02T13:28:00,True,normal
agent_007,merchant_i,1234.09,2026-08-07T20:30:00,True,normal
agent_002,merchant_g,2496.58,2026-08-02T01:12:00,True,normal
agent_010,merchant_i,423.42,2026-08-01T03:51:00,True,normal
agent_017,merchant_c,2890.18,2026-08-02T02:00:00,True,normal
agent_018,merchant_b,2299.69,2026-08-05T04:22:00,True,normal
agent_011,merchant_g,870.86,2026-08-04T20:09:00,True,normal
agent_018,merchant_c,1893.82,2026-08-04T02:56:00,True,normal
agent_002,merchant_i,2980.78,2026-08-02T14:15:00,True,normal
agent_009,merchant_f,2376.13,2026-08-01T04:26:00,True,normal
agent_004,merchant_g,1787.17,2026-08-03T18:26:00,True,normal
agent_019,merchant_h,416.84,2026-08-04T06:48:00,True,normal
agent_016,merchant_g,1041.58,2026-08-01T07:55:00,True,normal
agent_004,merchant_e,368.89,2026-08-02T20:43:00,True,normal
agent_003,merchant_i,338.83,2026-08-06T01:00:00,True,normal
agent_016,merchant_c,236.15,2026-08-03T01:46:00,True,normal
agent_015,merchant_c,68212.33,2026-08-03T23:55:00,True,amount_spike
agent_005,merchant_h,854.87,2026-08-06T17:41:00,True,normal
agent_008,merchant_j,890.54,2026-08-06T01:17:00,True,normal
agent_019,merchant_a,79959.73,2026-08-03T13:35:00,True,amount_spike
agent_004,merchant_d,568.87,2026-08-05T20:05:00,True,normal
agent_008,merchant_j,2847.21,2026-08-01T08:37:00,True,normal
agent_020,merchant_e,146.29,2026-08-06T08:19:00,True,normal
agent_010,merchant_j,1283.5,2026-08-05T08:53:00,True,normal
agent_003,merchant_h,1882.42,2026-08-01T02:32:00,True,normal
agent_019,merchant_e,187.36,2026-08-06T09:50:00,True,normal
agent_018,merchant_c,1195.84,2026-08-07T00:43:00,True,normal
agent_002,merchant_b,85861.21,2026-08-01T05:59:00,True,amount_spike
agent_010,merchant_b,292.01,2026-08-03T19:17:00,True,normal
agent_009,merchant_d,2629.73,2026-08-06T06:19:00,True,normal
agent_011,merchant_h,411.44,2026-08-03T18:00:00,True,normal
agent_019,merchant_g,1508.41,2026-08-03T05:05:00,True,normal
agent_014,merchant_h,2672.54,2026-08-01T08:16:00,True,normal
agent_016,merchant_f,1564.05,2026-08-06T02:24:00,True,normal
agent_007,merchant_i,690.2,2026-08-07T16:26:00,True,normal
agent_005,merchant_a,961.35,2026-08-02T02:31:00,True,normal
agent_011,merchant_i,325.69,2026-08-02T10:53:00,True,normal
agent_002,merchant_d,939.19,2026-08-01T02:05:00,True,normal
agent_013,merchant_c,1513.8,2026-08-04T20:34:00,True,normal
agent_011,merchant_f,2863.1,2026-08-03T21:36:00,True,normal
agent_015,merchant_b,2694.95,2026-08-03T11:19:00,True,normal
agent_009,merchant_h,2941.72,2026-08-05T17:27:00,True,normal
agent_002,merchant_e,276.36,2026-08-05T04:41:00,True,normal
agent_002,merchant_b,29479.6,2026-08-06T02:48:00,True,odd_hour
agent_014,merchant_d,2600.59,2026-08-02T18:12:00,True,normal
agent_016,merchant_d,1011.36,2026-08-07T13:15:00,True,normal
agent_008,merchant_i,2508.39,2026-08-06T16:36:00,True,normal
agent_015,merchant_g,1907.79,2026-08-03T15:18:00,True,normal
agent_019,merchant_h,1462.21,2026-08-04T05:38:00,True,normal
agent_008,merchant_d,304.33,2026-08-01T15:48:00,True,normal
agent_013,merchant_b,2064.05,2026-08-05T06:34:00,True,normal
agent_007,merchant_e,1002.45,2026-08-06T15:05:00,True,normal
agent_010,merchant_j,2415.7,2026-08-03T14:50:00,True,normal
agent_012,merchant_c,1179.03,2026-08-04T09:42:00,True,normal
agent_008,merchant_f,993.14,2026-08-04T02:11:00,True,normal
agent_015,merchant_c,335.59,2026-08-03T19:41:00,True,normal
agent_018,merchant_a,390.26,2026-08-04T18:25:00,True,normal
agent_014,merchant_b,2249.71,2026-08-06T23:39:00,True,normal
agent_002,merchant_i,911.8,2026-08-01T14:53:00,True,normal
agent_014,merchant_g,1373.18,2026-08-05T06:15:00,True,normal
agent_006,merchant_a,2861.36,2026-08-07T06:12:00,True,normal
agent_016,merchant_a,324.51,2026-08-06T02:22:00,True,normal
agent_005,merchant_c,861.3,2026-08-01T17:56:00,True,normal
agent_012,merchant_j,1478.33,2026-08-04T00:11:00,True,normal
agent_011,merchant_h,1529.03,2026-08-07T21:12:00,True,normal
agent_019,merchant_c,1067.65,2026-08-06T16:39:00,True,normal
agent_003,merchant_i,1398.83,2026-08-05T11:22:00,True,normal
agent_007,merchant_a,86619.88,2026-08-07T05:14:00,True,amount_spike
agent_004,merchant_b,602.81,2026-08-02T12:10:00,True,normal
agent_013,merchant_c,2945.97,2026-08-02T02:02:00,True,normal
agent_015,merchant_e,2028.57,2026-08-02T07:07:00,True,normal
agent_005,merchant_e,1551.17,2026-08-06T16:05:00,True,normal
agent_018,merchant_j,1639.37,2026-08-04T04:45:00,True,normal
agent_010,merchant_i,1754.9,2026-08-04T20:13:00,True,normal
agent_017,merchant_g,2618.05,2026-08-01T21:28:00,True,normal
agent_015,merchant_j,2970.59,2026-08-04T09:11:00,True,normal
agent_008,merchant_a,1624.38,2026-08-03T17:51:00,False,unverified
agent_011,merchant_e,2634.96,2026-08-03T16:41:00,True,normal
agent_002,merchant_e,1078.3,2026-08-06T02:48:00,True,normal
agent_007,merchant_e,1162.65,2026-08-01T14:04:00,True,normal
agent_010,merchant_a,760.57,2026-08-03T17:23:00,True,normal
agent_019,merchant_i,2055.95,2026-08-03T13:45:00,True,normal
agent_018,merchant_i,2560.94,2026-08-02T04:00:00,True,normal
agent_008,merchant_g,602.58,2026-08-07T11:49:00,True,normal
agent_002,merchant_e,417.2,2026-08-04T18:38:00,True,normal
agent_008,merchant_j,789.35,2026-08-03T03:55:00,True,normal
agent_004,merchant_i,703.57,2026-08-06T03:25:00,True,normal
agent_019,merchant_d,2178.13,2026-08-07T13:43:00,True,normal
agent_018,merchant_g,15977.04,2026-08-06T04:39:00,True,odd_hour
agent_014,merchant_b,1185.06,2026-08-07T18:51:00,True,normal
agent_009,merchant_h,2853.25,2026-08-05T04:46:00,True,normal
agent_019,merchant_a,297.65,2026-08-07T10:06:00,True,normal
agent_006,merchant_g,136.12,2026-08-05T22:00:00,True,normal
agent_010,merchant_f,68.01,2026-08-04T20:47:00,True,normal
agent_010,merchant_e,1993.06,2026-08-03T18:05:00,True,normal
agent_010,merchant_a,1863.69,2026-08-05T21:12:00,True,normal
agent_016,merchant_c,2211.68,2026-08-06T05:50:00,True,normal
agent_013,merchant_i,638.4,2026-08-02T13:28:00,False,unverified
agent_007,merchant_b,2074.54,2026-08-05T13:23:00,False,unverified
agent_003,merchant_c,63049.75,2026-08-04T18:32:00,True,amount_spike
agent_007,merchant_a,535.68,2026-08-05T13:30:00,True,normal
agent_011,merchant_i,155.9,2026-08-06T13:14:00,True,normal
agent_002,merchant_c,402.36,2026-08-04T12:27:00,True,normal
agent_020,merchant_d,765.25,2026-08-07T16:14:00,True,normal
agent_006,merchant_j,2893.02,2026-08-07T21:26:00,True,normal
agent_004,merchant_g,1838.64,2026-08-07T08:23:00,True,normal
agent_008,merchant_a,27940.63,2026-08-01T03:27:00,True,odd_hour
agent_020,merchant_e,995.96,2026-08-02T13:10:00,True,normal
agent_020,merchant_c,1867.65,2026-08-05T20:55:00,True,normal
agent_009,merchant_f,385.97,2026-08-05T11:17:00,True,normal
agent_015,merchant_j,1126.34,2026-08-01T09:06:00,True,normal
agent_013,merchant_i,2577.04,2026-08-07T06:44:00,False,unverified
agent_002,merchant_c,2275.59,2026-08-02T18:29:00,True,normal
agent_004,merchant_b,1094.05,2026-08-01T07:10:00,True,normal
agent_012,merchant_g,1782.65,2026-08-07T03:30:00,True,normal
agent_012,merchant_g,2592.2,2026-08-01T19:40:00,True,normal
agent_017,merchant_c,252.14,2026-08-01T21:52:00,True,normal
agent_002,merchant_i,624.23,2026-08-07T11:43:00,True,normal
agent_007,merchant_g,2048.09,2026-08-05T18:48:00,True,normal
agent_003,merchant_b,2408.53,2026-08-07T13:39:00,True,normal
agent_014,merchant_h,2151.58,2026-08-02T05:28:00,True,normal
agent_009,merchant_b,2849.58,2026-08-03T03:49:00,True,normal
agent_017,merchant_i,2933.56,2026-08-04T03:01:00,True,normal
agent_014,merchant_j,2599.05,2026-08-01T12:29:00,True,normal
agent_016,merchant_f,792.51,2026-08-01T21:00:00,True,normal
agent_018,merchant_i,425.67,2026-08-05T11:19:00,True,normal
agent_016,merchant_d,2999.93,2026-08-03T04:25:00,True,normal
agent_016,merchant_c,2830.2,2026-08-01T08:27:00,False,unverified
agent_005,merchant_b,61.26,2026-08-01T14:53:00,False,unverified
agent_020,merchant_j,1232.38,2026-08-06T10:51:00,True,normal
agent_009,merchant_b,1741.76,2026-08-04T06:35:00,True,normal
agent_007,merchant_b,323.6,2026-08-04T19:54:00,True,normal
agent_007,merchant_a,2140.92,2026-08-03T21:33:00,True,normal
agent_020,merchant_a,2627.18,2026-08-07T20:38:00,True,normal
agent_001,merchant_a,804.98,2026-08-01T21:38:00,True,normal
agent_007,merchant_c,2269.15,2026-08-07T16:17:00,True,normal
agent_019,merchant_c,940.21,2026-08-02T03:35:00,False,unverified
